{
  "enviroment": "local",
  "defaultTimeout": "20000",
  "enableLog": true,
  "auth": {
    "client_id": "demo",
    "secret_key": "demo",
    "requestAttemps": 1,
    "accessTokenServer": {
      "method": "POST",
      "url": "https://movil-noprod.confianza.net.pe:2020/app/uaa/oauth/token"
    },
    "logout": {
      "method": "POST",
      "url": "https://movil-noprod.confianza.net.pe:2020/app/uaa/oauth/logout",
      "headers": {
        "datatype": "application/json",
        "accept-language": "es-ES,es;q=0.8,en;q=0.6",
        "content-type": "application/x-www-form-urlencoded",
        "accept": "application/json, text/plain, */*",
        "cache-control": "no-cache"
      }
    }
  },
  "firebase": {
    "config" : {
      "apiKey": "AIzaSyCJtQOUJgysbBRb8DInLPAJ_bFStQBmOEY",
      "authDomain": "corresponsal-app.firebaseapp.com",
      "projectId": "corresponsal-app",
      "storageBucket": "corresponsal-app.appspot.com",
      "messagingSenderId": "154009789568",
      "appId": "1:154009789568:web:ce60c587e5dcae7a10f265"
    },
    "shortLink": {
      "linkFb": "https://appcorresponsal.page.link",
      "method": "POST",
      "url": "https://firebasedynamiclinks.googleapis.com/v1/shortLinks?key=AIzaSyCJtQOUJgysbBRb8DInLPAJ_bFStQBmOEY",
      "headers": { }
    }
  },
  "swagger-api": {
    "mocksAll": false,
    "timeout": 60000,
    "swagger-spec": [],
    "enviroment-conf": {
    }
  },
  "languages": {
    "config": {
      "angularLocalePath": "/public/i18n/angular-locale_{{locale}}.js",
      "languages": [
        "es",
        "en"
      ],
      "preferredLanguage": "es",
      "fallbackLanguage": "es",
      "languageLoaderUrl": "language"
    },
    "preferredLanguageData": {},
    "customLoader": {
      "url": "/language",
      "method": "GET"
    }
  },
  "idle": {
    "idle": 1800,
    "timeout": 10
  },
  "analytics": {
    "enabled": true,
    "sessionAutoStart": true,
    "onOrientationChangeEvent": true,
    "timeBetweenMouseMoveEvents": 0,
    "ERROR_LIST": {
      "ERROR_CARGAR_PAGINA": "error: cargar pagina"
    },
    "EVENT_LIST": {
      "MOUSE_MOVE": "mouse: movimiento"
    }
  },
  "keySerial" : "Fin@ncier@.Confi@nz@.2021_M0vilid@d"
}
