[{"corresponsales":{"host":"movil-noprod.confianza.net.pe:2020","basePath":"/app","schemes":["https"],"paths":{"/configuracion":{"get":{"operationId":"getConfiguracion","security":[{"Bearer":[]}],"produces":["application/json"],"parameters":[{"name":"udid","type":"string","in":"query","required":true}]}},"/cuentas":{"get":{"operationId":"getCuentas","security":[{"Bearer":[]}],"produces":["application/json"],"parameters":[{"name":"tipoOp","type":"string","in":"query"},{"name":"tipoDoc","type":"string","in":"query"},{"name":"numDoc","type":"string","in":"query"},{"name":"numProd","type":"string","in":"query"},{"name":"udid","type":"string","in":"query"},{"name":"otpEncriptado","type":"string","in":"query"},{"name":"numTx","type":"string","in":"query"}]}},"/costo":{"get":{"operationId":"getCosto","security":[{"Bearer":[]}],"produces":["application/json"],"parameters":[{"name":"tipoOp","type":"string","in":"query"},{"name":"monto","type":"number","format":"double","in":"query"},{"name":"id","type":"string","in":"query"},{"name":"udid","type":"string","in":"query"}]}},"/deposito":{"post":{"operationId":"depositarEnCuenta","security":[{"Bearer":[]}],"consumes":["application/json"],"produces":["application/json"],"parameters":[{"name":"depositoBody","in":"body","schema":{"title":"DepositoDTO","type":"object","properties":{"tipoDoc":{"type":"string"},"numDoc":{"type":"string"},"monto":{"type":"number","format":"double"},"udid":{"type":"string"},"cuenta":{"title":"Cuenta","type":"object","properties":{"id":{"type":"string"},"num":{"type":"string"},"nom":{"type":"string"}}},"idTx":{"type":"string"},"nroDoc":{"type":"string"},"correo":{"type":"string"}}}}]}},"/retiro":{"post":{"operationId":"retiroEnCuenta","security":[{"Bearer":[]}],"consumes":["application/json"],"produces":["application/json"],"parameters":[{"name":"retiroBody","in":"body","schema":{"title":"RetiroDTO","type":"object","properties":{"tipoDoc":{"type":"string"},"numDoc":{"type":"string"},"monto":{"type":"number","format":"double"},"udid":{"type":"string"},"cuenta":{"title":"Cuenta","type":"object","properties":{"id":{"type":"string"},"num":{"type":"string"},"nom":{"type":"string"}}},"otp":{"type":"string"},"idTx":{"type":"string"},"semilla":{"type":"string"},"nroDoc":{"type":"string"},"correo":{"type":"string"}}}}]}},"/obligaciones":{"get":{"operationId":"getObligaciones","security":[{"Bearer":[]}],"produces":["application/json"],"parameters":[{"name":"tipoOp","type":"string","in":"query"},{"name":"tipoDoc","type":"string","in":"query"},{"name":"numDoc","type":"string","in":"query"},{"name":"numPro","type":"string","in":"query"},{"name":"udid","type":"string","in":"query"}]}},"/pago":{"post":{"operationId":"pagarObligacion","security":[{"Bearer":[]}],"consumes":["application/json"],"produces":["application/json"],"parameters":[{"name":"pagoBody","in":"body","schema":{"title":"PagoDTO","type":"object","properties":{"tipoDoc":{"type":"string"},"numDoc":{"type":"string"},"monto":{"type":"number","format":"double"},"tipo":{"type":"string"},"udid":{"type":"string"},"obligacion":{"title":"Obligacion","type":"object","properties":{"id":{"type":"string"},"num":{"type":"string"},"nom":{"type":"string"},"fec":{"type":"string"},"min":{"type":"number","format":"double"},"tot":{"type":"number","format":"double"},"cuota":{"type":"string"}}},"idTx":{"type":"string"},"cuotaObl":{"type":"string"},"fechaObl":{"type":"string"},"nroDoc":{"type":"string"},"correo":{"type":"string"}}}}]}},"/preguntas":{"get":{"operationId":"getPreguntas","security":[{"Bearer":[]}],"produces":["application/json"],"parameters":[{"name":"udid","type":"string","in":"query"}]}},"/user":{"put":{"operationId":"putUser","security":[{"Bearer":[]}],"consumes":["application/json"],"produces":["application/json"],"parameters":[{"name":"registro","required":true,"in":"body","schema":{"title":"RegistroDTO","type":"object","properties":{"udid":{"type":"string"},"password":{"type":"string"},"preguntas":{"type":"array","items":{"title":"Pregunta","type":"object","properties":{"id":{"type":"string"},"texto":{"type":"string"},"respuesta":{"type":"string"}}}}}}}]}},"/cuestionario":{"get":{"operationId":"getCuestionario","produces":["application/json"],"parameters":[{"name":"userId","type":"string","required":true,"in":"query"},{"name":"udid","type":"string","required":true,"in":"query"}]},"put":{"operationId":"putCuestionario","consumes":["application/json"],"produces":["application/json"],"parameters":[{"name":"respuestas","required":true,"in":"body","schema":{"title":"RespuestasDTO","type":"object","properties":{"userId":{"type":"string"},"udid":{"type":"string"},"respuestas":{"type":"array","items":{"title":"Pregunta","type":"object","properties":{"id":{"type":"string"},"texto":{"type":"string"},"respuesta":{"type":"string"}}}}}}}]}},"/password":{"put":{"operationId":"putPassword","produces":["application/json"],"parameters":[{"name":"changePasswordDTO","required":true,"in":"body","schema":{"title":"ChangePasswordDTO","type":"object","properties":{"userId":{"type":"string"},"udid":{"type":"string"},"tokenSSO":{"type":"string"},"password":{"type":"string"}}}}]}},"/cuadreDiario":{"get":{"operationId":"getCuadreDiario","security":[{"Bearer":[]}],"produces":["application/json"],"parameters":[{"name":"fecha","type":"string","pattern":"yyyy/MM/dd","in":"query","required":true},{"name":"udid","type":"string","required":true,"in":"query"}]},"put":{"operationId":"putCuadreDiario","security":[{"Bearer":[]}],"produces":["application/json"],"parameters":[{"name":"udid","type":"string","required":true,"in":"query"}]}},"/cuadreDiarioConBilletero":{"put":{"operationId":"putCuadreDiarioConBilletero","security":[{"Bearer":[]}],"produces":["application/json"],"parameters":[{"name":"cierreBilleteroDTO","required":true,"in":"body","schema":{"title":"CierreBilleteroDTO","type":"object","properties":{"udid":{"type":"string"},"monedas":{"type":"array","items":{"title":"DineroDTO","type":"object","properties":{"cantidad":{"type":"integer","minimum":0},"valor":{"type":"number","format":"double"},"codigo":{"type":"string"},"simbolo":{"type":"string"}}}},"billetes":{"type":"array","items":{"title":"DineroDTO","type":"object","properties":{"cantidad":{"type":"integer","minimum":0},"valor":{"type":"number","format":"double"},"codigo":{"type":"string"},"simbolo":{"type":"string"}}}},"descuadre":{"type":"string"}}}}]}},"/referidos":{"post":{"operationId":"postReferidos","security":[{"Bearer":[]}],"consumes":["application/json"],"produces":["application/json"],"parameters":[{"name":"referidosBody","in":"body","schema":{"title":"ReferidosDTO","type":"object","properties":{"udid":{"type":"string"},"nombre1":{"type":"string"},"nombre2":{"type":"string"},"apellido1":{"type":"string"},"apellido2":{"type":"string"},"telefono":{"type":"string"},"tipoTelefono":{"type":"string"},"actEconomica":{"type":"string"},"interesEnCredito":{"type":"boolean"},"interesEnCdt":{"type":"boolean"},"interesEnAhorro":{"type":"boolean"},"interesEnSeguro":{"type":"boolean"},"interesEnOtros":{"type":"boolean"},"observacion":{"type":"string"},"codCiudad":{"type":"number","format":"int64"},"codDistrito":{"type":"number","format":"int64"},"vinculo":{"type":"number","format":"int64"}}}}]}},"/reversionDeposito":{"post":{"operationId":"postReversionDeposito","security":[{"Bearer":[]}],"consumes":["application/json"],"produces":["application/json"],"parameters":[{"name":"depositoARevertirDTO","in":"body","schema":{"title":"PagoRevertidoDTO","type":"object","properties":{"deposito":{"title":"DepositoDTO","type":"object","properties":{"tipoDoc":{"type":"string"},"numDoc":{"type":"string"},"monto":{"type":"number","format":"double"},"udid":{"type":"string"},"cuenta":{"title":"Cuenta","type":"object","properties":{"id":{"type":"string"},"num":{"type":"string"},"nom":{"type":"string"}}},"idTx":{"type":"string"},"nroDoc":{"type":"string"},"correo":{"type":"string"}}},"operacion":{"title":"OperacionDTO","type":"object","properties":{"codOperacion":{"type":"string"},"codAutorizacion":{"type":"string"},"mensaje":{"type":"string"},"codMensaje":{"type":"string"},"pdf":{"type":"string"},"filename":{"type":"string"},"tran":{"type":"string"},"fecha":{"type":"string"}}}}}}]}},"/reversionDepositoError":{"post":{"operationId":"postReversionDepositoError","security":[{"Bearer":[]}],"consumes":["application/json"],"produces":["application/json"],"parameters":[{"name":"depositoARevertirDTO","in":"body","schema":{"title":"PagoRevertidoDTO","type":"object","properties":{"deposito":{"title":"DepositoDTO","type":"object","properties":{"tipoDoc":{"type":"string"},"numDoc":{"type":"string"},"monto":{"type":"number","format":"double"},"udid":{"type":"string"},"cuenta":{"title":"Cuenta","type":"object","properties":{"id":{"type":"string"},"num":{"type":"string"},"nom":{"type":"string"}}},"idTx":{"type":"string"},"nroDoc":{"type":"string"},"correo":{"type":"string"}}},"operacion":{"title":"OperacionDTO","type":"object","properties":{"codOperacion":{"type":"string"},"codAutorizacion":{"type":"string"},"mensaje":{"type":"string"},"codMensaje":{"type":"string"},"pdf":{"type":"string"},"filename":{"type":"string"},"tran":{"type":"string"},"fecha":{"type":"string"}}}}}}]}},"/reversionPago":{"post":{"operationId":"postReversionPago","security":[{"Bearer":[]}],"consumes":["application/json"],"produces":["application/json"],"parameters":[{"name":"pagoARevertirDTO","in":"body","schema":{"title":"PagoRevertidoDTO","type":"object","properties":{"pago":{"title":"PagoDTO","type":"object","properties":{"tipoDoc":{"type":"string"},"numDoc":{"type":"string"},"monto":{"type":"number","format":"double"},"tipo":{"type":"string"},"udid":{"type":"string"},"obligacion":{"title":"Obligacion","type":"object","properties":{"id":{"type":"string"},"num":{"type":"string"},"nom":{"type":"string"},"fec":{"type":"string"},"min":{"type":"number","format":"double"},"tot":{"type":"number","format":"double"},"cuota":{"type":"string"}}},"idTx":{"type":"string"},"cuotaObl":{"type":"string"},"fechaObl":{"type":"string"},"nroDoc":{"type":"string"},"correo":{"type":"string"}}},"operacion":{"title":"OperacionDTO","type":"object","properties":{"codOperacion":{"type":"string"},"codAutorizacion":{"type":"string"},"mensaje":{"type":"string"},"codMensaje":{"type":"string"},"pdf":{"type":"string"},"filename":{"type":"string"},"tran":{"type":"string"},"fecha":{"type":"string"}}}}}}]}},"/reversionPagoError":{"post":{"operationId":"postReversionPagoError","security":[{"Bearer":[]}],"consumes":["application/json"],"produces":["application/json"],"parameters":[{"name":"pagoARevertirDTO","in":"body","schema":{"title":"PagoRevertidoDTO","type":"object","properties":{"pago":{"title":"PagoDTO","type":"object","properties":{"tipoDoc":{"type":"string"},"numDoc":{"type":"string"},"monto":{"type":"number","format":"double"},"tipo":{"type":"string"},"udid":{"type":"string"},"obligacion":{"title":"Obligacion","type":"object","properties":{"id":{"type":"string"},"num":{"type":"string"},"nom":{"type":"string"},"fec":{"type":"string"},"min":{"type":"number","format":"double"},"tot":{"type":"number","format":"double"},"cuota":{"type":"string"}}},"idTx":{"type":"string"},"cuotaObl":{"type":"string"},"fechaObl":{"type":"string"},"nroDoc":{"type":"string"},"correo":{"type":"string"}}},"operacion":{"title":"OperacionDTO","type":"object","properties":{"codOperacion":{"type":"string"},"codAutorizacion":{"type":"string"},"mensaje":{"type":"string"},"codMensaje":{"type":"string"},"pdf":{"type":"string"},"filename":{"type":"string"},"tran":{"type":"string"},"fecha":{"type":"string"}}}}}}]}},"/reversionRetiro":{"post":{"operationId":"postReversionRetiro","security":[{"Bearer":[]}],"consumes":["application/json"],"produces":["application/json"],"parameters":[{"name":"retiroARevertirDTO","in":"body","schema":{"title":"RetiroRevertidoDTO","type":"object","properties":{"retiro":{"title":"RetiroDTO","type":"object","properties":{"tipoDoc":{"type":"string"},"numDoc":{"type":"string"},"monto":{"type":"number","format":"double"},"udid":{"type":"string"},"cuenta":{"title":"Cuenta","type":"object","properties":{"id":{"type":"string"},"num":{"type":"string"},"nom":{"type":"string"}}},"otp":{"type":"string"},"idTx":{"type":"string"},"semilla":{"type":"string"},"nroDoc":{"type":"string"},"correo":{"type":"string"}}},"operacion":{"title":"OperacionDTO","type":"object","properties":{"codOperacion":{"type":"string"},"codAutorizacion":{"type":"string"},"mensaje":{"type":"string"},"codMensaje":{"type":"string"},"pdf":{"type":"string"},"filename":{"type":"string"},"tran":{"type":"string"},"fecha":{"type":"string"}}}}}}]}},"/reversionRetiroError":{"post":{"operationId":"postReversionRetiroError","security":[{"Bearer":[]}],"consumes":["application/json"],"produces":["application/json"],"parameters":[{"name":"retiroARevertirDTO","in":"body","schema":{"title":"RetiroRevertidoDTO","type":"object","properties":{"retiro":{"title":"RetiroDTO","type":"object","properties":{"tipoDoc":{"type":"string"},"numDoc":{"type":"string"},"monto":{"type":"number","format":"double"},"udid":{"type":"string"},"cuenta":{"title":"Cuenta","type":"object","properties":{"id":{"type":"string"},"num":{"type":"string"},"nom":{"type":"string"}}},"otp":{"type":"string"},"idTx":{"type":"string"},"semilla":{"type":"string"},"nroDoc":{"type":"string"},"correo":{"type":"string"}}},"operacion":{"title":"OperacionDTO","type":"object","properties":{"codOperacion":{"type":"string"},"codAutorizacion":{"type":"string"},"mensaje":{"type":"string"},"codMensaje":{"type":"string"},"pdf":{"type":"string"},"filename":{"type":"string"},"tran":{"type":"string"},"fecha":{"type":"string"}}}}}}]}},"/reversionOperacion":{"post":{"operationId":"postReversionOperacion","security":[{"Bearer":[]}],"consumes":["application/json"],"produces":["application/json"],"parameters":[{"name":"operacionARevertirDTO","in":"body","schema":{"title":"OperacionARevertirDTO","type":"object","properties":{"udid":{"type":"string"},"id":{"type":"string"},"idTx":{"type":"string"},"monto":{"type":"number","format":"double"}}}}]}},"/liquidacion":{"put":{"operationId":"putLiquidacion","security":[{"Bearer":[]}],"consumes":["application/json"],"produces":["application/json"],"parameters":[{"name":"Comisión","in":"body","schema":{"title":"Comision","type":"object","properties":{"id":{"type":"string"},"udid":{"type":"string"},"mesNro":{"type":"number","format":"int32"},"mes":{"type":"string"},"cantidadTx":{"type":"number","format":"int64"},"valorPagar":{"type":"string"},"justificacionCB":{"type":"string"},"justificacionBO":{"type":"string"},"estado":{"type":"string"},"operaciones":{"type":"array","items":{"title":"ComisionOperacion","type":"object","properties":{"operacion":{"type":"string"},"nombreOperacion":{"type":"string"},"cantidadTx":{"type":"number","format":"int64"},"valorComision":{"type":"string"},"valorPagar":{"type":"string"}}}}}}}]}},"/liquidaciones":{"get":{"operationId":"getLiquidaciones","security":[{"Bearer":[]}],"consumes":["application/json"],"produces":["application/json"],"parameters":[{"name":"udid","type":"string","in":"query","required":true}]}},"/transaccion":{"get":{"operationId":"getTransaccion","security":[{"Bearer":[]}],"produces":["application/json"],"parameters":[{"name":"udid","type":"string","in":"query","required":true},{"name":"numTx","type":"string","in":"query","required":true}]}},"/transacciones":{"get":{"operationId":"getTransacciones","security":[{"Bearer":[]}],"produces":["application/json"],"parameters":[{"name":"udid","type":"string","in":"query","required":true},{"name":"fechaInicio","type":"string","pattern":"yyyy/MM/dd","in":"query","required":true},{"name":"fechaFin","type":"string","pattern":"yyyy/MM/dd","in":"query","required":true},{"name":"tipoTX","type":"string","in":"query","required":false}]}},"/solicitarReversion":{"post":{"operationId":"postSolicitarReversion","security":[{"Bearer":[]}],"consumes":["application/json"],"produces":["application/json"],"parameters":[{"name":"reversionBody","in":"body","schema":{"title":"SolicitudReversion","type":"object","properties":{"udid":{"type":"string"},"idSolicitudRev":{"type":"string"},"numTx":{"type":"string"},"corregido":{"type":"boolean"},"plata":{"type":"boolean"},"ticket":{"type":"boolean"},"observaciones":{"type":"string"},"motivoReversion":{"type":"string"},"motivoRechazo":{"type":"string"},"telefono":{"type":"string"},"valorNuevaTx":{"type":"number","format":"double"},"valorEntregadoPorCliente":{"type":"number","format":"double"},"valorRecibidoPorCorresponsal":{"type":"number","format":"double"},"fotos":{"type":"array","items":{"title":"FotoReversion","type":"object","properties":{"idFoto":{"type":"string"},"fotoLD":{"type":"string"},"fotoHD":{"type":"string"}}}}}}}]}},"/imgThumbnail":{"get":{"operationId":"getImgThumbnail","security":[{"Bearer":[]}],"produces":["application/json"],"parameters":[{"name":"udid","type":"string","in":"query","required":true},{"name":"numTx","type":"string","in":"query","required":true},{"name":"idFoto","type":"string","in":"query","required":true}]}},"/mensajesPredefinidos":{"get":{"operationId":"getMensajesPredefinidos","security":[{"Bearer":[]}],"produces":["application/json"]}},"/mensajesNoLeidos":{"get":{"operationId":"getMensajesNoLeidos","security":[{"Bearer":[]}],"produces":["application/json"],"parameters":[{"name":"udid","type":"string","in":"query","required":true}]}},"/mensajes":{"get":{"operationId":"getMensajes","security":[{"Bearer":[]}],"produces":["application/json"],"parameters":[{"name":"udid","type":"string","in":"query","required":true}]}},"/mensaje":{"get":{"operationId":"getMensaje","security":[{"Bearer":[]}],"parameters":[{"name":"id","type":"string","in":"query","required":true}]},"post":{"operationId":"sendMensaje","security":[{"Bearer":[]}],"consumes":["application/json"],"produces":["application/json"],"parameters":[{"name":"MensajeDTO","in":"body","schema":{"title":"Mensaje","type":"object","properties":{"id":{"type":"string"},"udid":{"type":"string"},"asunto":{"type":"string"},"texto":{"type":"string"},"adjuntos":{"type":"array","items":{"type":"string"}},"fechaTimestamp":{"type":"string"},"fromCB":{"type":"boolean"},"leido":{"type":"boolean"}}}}]}},"/llavesDispositivo":{"get":{"operationId":"getLlavesDispositivo","security":[{"Bearer":[]}],"consumes":["application/json"],"produces":["application/json"],"parameters":[{"name":"udid","type":"string","in":"query","required":true}]},"put":{"operationId":"putConfirmacionSembrado","security":[{"Bearer":[]}],"produces":["application/json"],"parameters":[{"name":"udid","type":"string","required":true,"in":"query"}]}},"/llavesBorradas":{"put":{"operationId":"putConfirmacionBorrado","security":[{"Bearer":[]}],"produces":["application/json"],"parameters":[{"name":"udid","type":"string","required":true,"in":"query"}]}},"/newPassword":{"put":{"operationId":"putNewPassword","security":[{"Bearer":[]}],"produces":["application/json"],"parameters":[{"name":"newPasswordDTO","required":true,"in":"body","schema":{"title":"ChangePasswordDTO","type":"object","properties":{"userId":{"type":"string"},"udid":{"type":"string"},"tokenSSO":{"type":"string"},"password":{"type":"string"}}}}]}},"/solicitudCredito":{"post":{"operationId":"postSolicitudCredito","security":[{"Bearer":[]}],"consumes":["application/json"],"produces":["application/json"],"parameters":[{"name":"SolicitudCreditoDTO","in":"body","schema":{"title":"SolicitudCreditoDTO","type":"object","properties":{"udid":{"type":"string"},"id":{"type":"string"},"firstName":{"type":"string"},"secondName":{"type":"string"},"firstSurname":{"type":"string"},"secondSurname":{"type":"string"},"documentType":{"type":"string"},"document":{"type":"string"},"companyType":{"type":"string"},"companyAge":{"type":"string"},"whyNewCredit":{"type":"string"},"requestedAmount":{"type":"string"},"feeValue":{"type":"string"},"bucketCash":{"type":"string"},"doYouLoan":{"type":"string"},"commodityCash":{"type":"string"},"companyValues":{"type":"string"},"providerDebts":{"type":"string"},"monthlySales":{"type":"string"},"extraCash":{"type":"string"},"monthlySpends":{"type":"string"},"monthlyPayments":{"type":"string"},"familyNumber":{"type":"string"},"personsInCharge":{"type":"string"},"address":{"type":"string"},"city":{"type":"string"},"country":{"type":"string"},"phoneNumber":{"type":"string"},"emailAddress":{"type":"string"},"imageBase64":{"type":"string"}}}}]}},"/loginApp":{"put":{"operationId":"putLoginApp","produces":["application/json"],"parameters":[{"name":"udid","type":"string","in":"query","required":true},{"name":"success","type":"boolean","in":"query","required":true},{"name":"userName","type":"string","in":"query","required":true},{"name":"ipDispositivo","type":"string","in":"query","required":true}]}},"/otpCuentas":{"get":{"operationId":"getOtpCuentas","produces":["application/json"],"parameters":[{"name":"tipoDoc","type":"string","in":"query"},{"name":"numDoc","type":"string","in":"query"},{"name":"udid","type":"string","in":"query","required":true}]}},"/otpRetiro":{"get":{"operationId":"getOtpRetiro","produces":["application/json"],"parameters":[{"name":"tipoDoc","type":"string","in":"query"},{"name":"numDoc","type":"string","in":"query"},{"name":"monto","type":"number","format":"double","in":"query"},{"name":"udid","type":"string","in":"query","required":true}]}},"/otpAutorizacion":{"get":{"operationId":"getOtpAutorizacion","produces":["application/json"],"parameters":[{"name":"tipoDoc","type":"string","in":"query"},{"name":"numDoc","type":"string","in":"query"},{"name":"udid","type":"string","in":"query","required":true},{"name":"numTelefono","type":"string","in":"query"}]}},"/datosClausula":{"post":{"operationId":"validarDatosClausula","security":[{"Bearer":[]}],"consumes":["application/json"],"produces":["application/json"],"parameters":[{"name":"datosBody","in":"body","schema":{"title":"DatosClausulaDTO","type":"object","properties":{"tipoDoc":{"type":"string"},"numDoc":{"type":"string"},"telefono":{"type":"string"},"udid":{"type":"string"},"otpEncriptado":{"type":"string"},"numTx":{"type":"string"}}}}]}},"/registroClausula":{"post":{"operationId":"registrarDatosClausula","security":[{"Bearer":[]}],"consumes":["application/json"],"produces":["application/json"],"parameters":[{"name":"datosBody","in":"body","schema":{"title":"DatosClausulaDTO","type":"object","properties":{"tipoDoc":{"type":"string"},"numDoc":{"type":"string"},"telefono":{"type":"string"},"udid":{"type":"string"},"otpEncriptado":{"type":"string"},"numTx":{"type":"string"}}}}]}},"/envioVoucher":{"post":{"operationId":"envioVoucherSms","security":[{"Bearer":[]}],"consumes":["application/json"],"produces":["application/json"],"parameters":[{"name":"datosBody","in":"body","schema":{"title":"VoucherDTO","type":"object","properties":{"fecha":{"type":"string"},"telefono":{"type":"string"},"numTx":{"type":"string"},"link":{"type":"string"},"udid":{"type":"string"}}}}]}}}}},{"metrica":{"host":"movil-noprod.confianza.net.pe:2020","basePath":"/app","schemes":["https"],"paths":{"/logging":{"post":{"operationId":"logging","consumes":["application/json"],"parameters":[{"name":"log","in":"body","required":true,"schema":{"type":"object","required":["userId","previousUrl","previousRoute","event","clientTime"],"properties":{"logger":{"type":"string"},"channel":{"type":"string"},"level":{"type":"string"},"userId":{"type":"string"},"tag":{"type":"string"},"previousUrl":{"type":"string"},"currentUrl":{"type":"string"},"previousRoute":{"type":"string"},"event":{"type":"string"},"id":{"type":"string"},"error":{"type":"string"},"errorType":{"type":"string"},"data":{"type":"array","items":{"type":"object","properties":{"name":{"type":"string"},"value":{"type":"string"}}}},"clientTime":{"type":"string","format":"date-time"},"message":{"type":"string"}}}}]}}}}}]